nb_stations,nb_trains,delay_proba,ortools,minizinc
1.0,1.0,0.05,0.002975940704345703,0.2620248794555664
4.0,4.0,0.05,0.012382745742797852,3600.174628019333
7.0,7.0,0.05,0.4550166130065918,3600.2168765068054
8.0,8.0,0.05,0.16622328758239746,3600.3867837543473
9.0,9.0,0.05,20.306004285812378,3600.4563768342865
10.0,10.0,0.05,3600.205996990204,3600.4821498394012
